,df,sum_sq,mean_sq,F,PR(>F)
C(text_length),2.0,7.180596606458668,3.590298303229334,0.4611778908347685,0.6321274085280286
C(interactive),1.0,11.992574531823848,11.992574531823848,1.5404598061644696,0.21800432433021408
C(text_length):C(interactive),2.0,11.203874038762647,5.601937019381324,0.7195751664600516,0.4899359885716632
Residual,84.0,653.945177045177,7.785061631490203,,
