,df,sum_sq,mean_sq,F,PR(>F)
C(text_length),2.0,0.9563019356122823,0.47815096780614114,0.8984921002641615,0.41105986017178253
C(interactive),1.0,0.05999925042861099,0.05999925042861099,0.11274441789634647,0.7378782620221527
C(text_length):C(interactive),2.0,0.2369344671947583,0.11846723359737915,0.2226114359148373,0.8008964936691133
Residual,84.0,44.70231990231992,0.5321704750276182,,
