,df,sum_sq,mean_sq,F,PR(>F)
C(text_length),2.0,11.274563775181596,5.637281887590798,2.1332816317582144,0.11942347346755124
C(interactive),1.0,2.5641571240066017,2.5641571240066017,0.9703380818380529,0.32502743780134347
C(text_length):C(interactive),2.0,1.585435067848912,0.792717533924456,0.2999831812590857,0.7409513768738614
Residual,552.0,1458.6820397386748,2.6425399270628165,,
