,df,sum_sq,mean_sq,F,PR(>F)
C(text_length),2.0,6.257375145180026,3.128687572590013,3.122206801451469,0.047751740875168855
C(interactive),1.0,0.29512582115111197,0.29512582115111197,0.2945144967987824,0.5883742377041106
C(text_length):C(interactive),2.0,2.123341077803596,1.061670538901798,1.0594713919344128,0.34994060752782474
Residual,117.0,117.24285714285715,1.002075702075702,,
