,df,sum_sq,mean_sq,F,PR(>F)
C(text_length),2.0,0.02882692552232793,0.014413462761163965,0.10201554881746466,0.9031272158320619
C(interactive),1.0,0.9985038527342363,0.9985038527342363,7.067206556879469,0.009397897313297357
C(text_length):C(interactive),2.0,0.7653703477778934,0.3826851738889467,2.7085675861166285,0.07245334730769724
Residual,84.0,11.868101343101342,0.14128692075120647,,
