,df,sum_sq,mean_sq,F,PR(>F)
C(text_length),2.0,1.0377693188037997,0.5188846594018999,0.10201554881746412,0.9031272158320619
C(interactive),1.0,35.946138698432485,35.946138698432485,7.067206556879467,0.009397897313297357
C(text_length):C(interactive),2.0,27.553332520004155,13.776666260002077,2.7085675861166285,0.07245334730769724
Residual,84.0,427.25164835164827,5.086329147043432,,
